model_name,size_of_vocab,number_of_correct,number_of_non_random_guess,accuracy
word2vec-google-news-300,3000000,70,79,0.8860759493670886
glove-twitter-200,1193514,44,78,0.5641025641025641
glove-wiki-200,400000,68,80,0.85
glove-twitter-50,1193514,36,78,0.46153846153846156
glove-twitter-100,1193514,39,78,0.5
own_corpus_5_100,14838,15,48,0.3125
own_corpus_10_100,14838,17,48,0.3541666666666667
own_corpus_10_300,14838,18,48,0.375
own_corpus_10_200,14838,20,48,0.4166666666666667
